<?xml version="1.0" encoding="UTF-8"?>
<clinical_study rank="5754">
  <!-- This xml conforms to an XML Schema at:
    https://clinicaltrials.gov/ct2/html/images/info/public.xsd -->
  <required_header>
    <download_date>ClinicalTrials.gov processed this data on April 03, 2020</download_date>
    <link_text>Link to the current ClinicalTrials.gov record.</link_text>
    <url>https://clinicaltrials.gov/show/NCT00001242</url>
  </required_header>
  <id_info>
    <org_study_id>890173</org_study_id>
    <secondary_id>89-DK-0173</secondary_id>
    <nct_id>NCT00001242</nct_id>
  </id_info>
  <brief_title>Resistance to Vitamin D or Parathyroid Hormone</brief_title>
  <official_title>Studies of States With Resistance to Vitamin D and Parathyroid Hormone</official_title>
  <sponsors>
    <lead_sponsor>
      <agency>National Institute of Diabetes and Digestive and Kidney Diseases (NIDDK)</agency>
      <agency_class>NIH</agency_class>
    </lead_sponsor>
  </sponsors>
  <source>National Institutes of Health Clinical Center (CC)</source>
  <brief_summary>
    <textblock>
      Patients with confirmed or suspected conditions with a resistance to vitamin D or parathyroid
      hormone (PTH) will be admitted for diagnosis and treatment, and inclusion in other studies
      pertaining to similar conditions.

      This study will provide information about problems relating to calcium in the blood, urine,
      and bones. Patients in this study will undergo a general evaluation / check-up to give
      researchers an idea of each person's condition or disease. Patients will receive treatment
      based on their diagnosis and asked to provide specimen samples for further research
      studies....
    </textblock>
  </brief_summary>
  <detailed_description>
    <textblock>
      Patients with confirmed or suspected states with resistance to vitamin D or parathyroid
      hormone (PTH) will be admitted for diagnosis and treatment and for inclusion in other
      protocols. These states include hypocalcemia, rickets, osteomalacia,
      pseudohypoparathyroidism. Resistance to a factor is manifested by deficient bioeffect despite
      high levels of the factor in blood. Patients will be tested with multiple indices of mineral
      metabolism to establish the diagnosis and examine the spectrum of the underlying disorder.
      The principal therapies will be combinations of calcium, phosphate, and a vitamin D analog.
      Selected patients will have localization and surgery to remove a tumor that causes renal
      wasting of phosphate. Patients will be considered for entry into other research protocols.
    </textblock>
  </detailed_description>
  <overall_status>Recruiting</overall_status>
  <start_date type="Actual">August 12, 1997</start_date>
  <study_type>Observational</study_type>
  <has_expanded_access>No</has_expanded_access>
  <study_design_info>
    <observational_model>Cohort</observational_model>
    <time_perspective>Prospective</time_perspective>
  </study_design_info>
  <primary_outcome>
    <measure>This study will provide information about problems relating to calcium in the blood, urine, and bones</measure>
    <time_frame>take one to two weeks</time_frame>
    <description>This is a natural history protocol, directed at diagnosing and managing the general clinical features in these patients. In addition the full clinical expression of certain rare disorders (target resistance to 1,25(OH)2D, pseudohypoparathyroidism, and pseudo- pseudohypoparathyroidism) will be characterized further. Some of these patients or their relatives will be entered into additional protocols, where appropriate for example, protocols to characterize the molecular causes of these disorders.</description>
  </primary_outcome>
  <number_of_groups>1</number_of_groups>
  <enrollment type="Anticipated">99999999</enrollment>
  <condition>Hypocalcemia</condition>
  <condition>Pseudohypoparathyroidism</condition>
  <condition>Osteomalacia</condition>
  <condition>Rickets</condition>
  <condition>Pseudopseudohpoparathyroidism</condition>
  <arm_group>
    <arm_group_label>Study Cohort</arm_group_label>
    <description>Patients of any age or sex with vitamin D resistance, rickets, osteomalacia, pseudohypoparathyroidism, pseudo- pseudohypoparathyroidism, or suspicion of these or related disorders</description>
  </arm_group>
  <eligibility>
    <study_pop>
      <textblock>
        Patients with confirmed or suspected states with resistance to vitamin D or parathyroid
        hormone (PTH)
      </textblock>
    </study_pop>
    <sampling_method>Non-Probability Sample</sampling_method>
    <criteria>
      <textblock>
        -  INCLUSION CRITERIA:

        Patients of any age or sex with vitamin D resistance, rickets, osteomalacia,
        pseudohypoparathyroidism, pseudo-pseudohypoparathyroidism, or suspicion of these or related
        disorders based upon the appropriateness of their problem to ongoing investigations.

        Current investigations are focused primarily upon subjects with target tissue resistance to
        1,25-dihydroxyvitamin D, pseudohypoparathyroidism, and pseudo-pseudohypoparathyroidism.
      </textblock>
    </criteria>
    <gender>All</gender>
    <minimum_age>N/A</minimum_age>
    <maximum_age>N/A</maximum_age>
    <healthy_volunteers>No</healthy_volunteers>
  </eligibility>
  <overall_official>
    <last_name>Lee S Weinstein, M.D.</last_name>
    <role>Principal Investigator</role>
    <affiliation>National Institute of Diabetes and Digestive and Kidney Diseases (NIDDK)</affiliation>
  </overall_official>
  <overall_contact>
    <last_name>Lee S Weinstein, M.D.</last_name>
    <phone>(301) 402-2923</phone>
    <email>leew@mail.nih.gov</email>
  </overall_contact>
  <location>
    <facility>
      <name>National Institutes of Health Clinical Center, 9000 Rockville Pike</name>
      <address>
        <city>Bethesda</city>
        <state>Maryland</state>
        <zip>20892</zip>
        <country>United States</country>
      </address>
    </facility>
    <status>Recruiting</status>
    <contact>
      <last_name>For more information at the NIH Clinical Center contact Office of Patient Recruitment (OPR)</last_name>
      <phone>800-411-1222</phone>
      <phone_ext>TTY8664111010</phone_ext>
      <email>prpl@cc.nih.gov</email>
    </contact>
  </location>
  <location_countries>
    <country>United States</country>
  </location_countries>
  <link>
    <url>https://clinicalstudies.info.nih.gov/cgi/detail.cgi?A_1989-DK-0173.html</url>
    <description>NIH Clinical Center Detailed Web Page</description>
  </link>
  <reference>
    <citation>Marx SJ, Swart EG Jr, Hamstra AJ, DeLuca HF. Normal intrauterine development of the fetus of a woman receiving extraordinarily high doses of 1,25-dihydroxyvitamin D3. J Clin Endocrinol Metab. 1980 Nov;51(5):1138-42.</citation>
    <PMID>6893458</PMID>
  </reference>
  <reference>
    <citation>Nemeth AJ, Eaglstein WH, Falanga V, Hevia O, Taylor JR. Methods to speed healing after skin biopsy or trichloroacetic acid chemical peel. Prog Clin Biol Res. 1991;365:267-77.</citation>
    <PMID>1862138</PMID>
  </reference>
  <verification_date>October 23, 2019</verification_date>
  <study_first_submitted>November 3, 1999</study_first_submitted>
  <study_first_submitted_qc>November 3, 1999</study_first_submitted_qc>
  <study_first_posted type="Estimate">November 4, 1999</study_first_posted>
  <last_update_submitted>April 1, 2020</last_update_submitted>
  <last_update_submitted_qc>April 1, 2020</last_update_submitted_qc>
  <last_update_posted type="Actual">April 2, 2020</last_update_posted>
  <responsible_party>
    <responsible_party_type>Sponsor</responsible_party_type>
  </responsible_party>
  <keyword>Rickets</keyword>
  <keyword>Hypocalcemia</keyword>
  <keyword>Albright Hereditary Osteodystrophy</keyword>
  <keyword>Pseudohypoaldosteronism</keyword>
  <condition_browse>
    <!-- CAUTION:  The following MeSH terms are assigned with an imperfect algorithm            -->
    <mesh_term>Rickets</mesh_term>
    <mesh_term>Osteomalacia</mesh_term>
    <mesh_term>Pseudohypoparathyroidism</mesh_term>
    <mesh_term>Pseudopseudohypoparathyroidism</mesh_term>
    <mesh_term>Hypocalcemia</mesh_term>
  </condition_browse>
  <intervention_browse>
    <!-- CAUTION:  The following MeSH terms are assigned with an imperfect algorithm            -->
    <mesh_term>Vitamin D</mesh_term>
    <mesh_term>Ergocalciferols</mesh_term>
    <mesh_term>Vitamins</mesh_term>
    <mesh_term>Parathyroid Hormone</mesh_term>
    <mesh_term>Hormones</mesh_term>
  </intervention_browse>
  <!-- Results have not yet been posted for this study                                          -->
</clinical_study>

