<?xml version="1.0" encoding="UTF-8"?>
<clinical_study rank="2831">
  <!-- This xml conforms to an XML Schema at:
    https://clinicaltrials.gov/ct2/html/images/info/public.xsd -->
  <required_header>
    <download_date>ClinicalTrials.gov processed this data on April 03, 2020</download_date>
    <link_text>Link to the current ClinicalTrials.gov record.</link_text>
    <url>https://clinicaltrials.gov/show/NCT00001211</url>
  </required_header>
  <id_info>
    <org_study_id>860015</org_study_id>
    <secondary_id>86-D-0015</secondary_id>
    <nct_id>NCT00001211</nct_id>
  </id_info>
  <brief_title>Clinical Study of Oral Endosseous Titanium Implants in Edentulous Subjects</brief_title>
  <official_title>Clinical Study of Oral Endosseous Titanium Implants in Edentulous Subjects</official_title>
  <sponsors>
    <lead_sponsor>
      <agency>National Institute of Dental and Craniofacial Research (NIDCR)</agency>
      <agency_class>NIH</agency_class>
    </lead_sponsor>
  </sponsors>
  <source>National Institutes of Health Clinical Center (CC)</source>
  <brief_summary>
    <textblock>
      The amendment to Clinical Protocol 86-D-0015, clinical study of Oral Endosseous Titanium
      Implants in Edentulous subjects, and patients with Ectodermal Dysplasia is to allow the
      Investigators to determine: (1) If placement of Endosseous Titanium Implants in
      pre-adolescent patients (age 7 to 10) will influence the growth and development of the
      craniomandibular complex. (2) The final position of the implant, the ability to fabricate
      prosthesis. (3) Body image, diet and perceived ease of chewing selected foods.

      Selection of patients for participation in the study will be based on the number of
      congenitally missing teeth associated with Ectodermal Dysplasia. At least 16 permanent teeth
      must be congenitally missing. A total of 30 patients will be included.

      A consent to participate in this study will be obtained from each patient:

      18 &amp; older - consent signed by patient

      13-17 years - consent signed by parent, assent signed by patient

      7-10 years - consent by parent, assent signed by child if capable of understanding or note on
      chart describing procedure used to obtain the child's assent to the study
    </textblock>
  </brief_summary>
  <detailed_description>
    <textblock>
      The amendment to Clinical Protocol 86-D-0015, clinical study of Oral Endosseous Titanium
      Implants in Edentulous subjects, and patients with Ectodermal Dysplasia is to allow the
      Investigators to determine: (1) if placement of Endosseous Titanium Implants in
      pre-adolescent patients (age 7 to 10) will influence the growth and development of the
      craniomandibular complex. (2) The final position of the implant, the ability to fabricate
      prosthesis. (3) Body image, diet and perceived ease of chewing selected foods.

      Selection of patients for participation in the study will be based on the number of
      congenitally missing teeth associated with Ectodermal Dysplasia. At least 16 permanent teeth
      must be congenitally missing. A total of 30 patients will be included.

      A consent to participate in this study will be obtained from each patient:

      18 &amp; older - consent signed by patient

      13-17 years - consent signed by parent, assent signed by patient

      7-10 years - consent by parent, assent signed by child if capable of understanding or note on
      chart describing procedure used to obtain the child's assent to the study
    </textblock>
  </detailed_description>
  <overall_status>Completed</overall_status>
  <start_date>January 1986</start_date>
  <completion_date>December 2000</completion_date>
  <study_type>Observational</study_type>
  <has_expanded_access>No</has_expanded_access>
  <enrollment>160</enrollment>
  <condition>Ectodermal Dysplasia</condition>
  <condition>Jaw, Edentulous</condition>
  <eligibility>
    <criteria>
      <textblock>
        Individuals with a need for replacement maxillary and mandibular complete dentures.
      </textblock>
    </criteria>
    <gender>All</gender>
    <minimum_age>N/A</minimum_age>
    <maximum_age>N/A</maximum_age>
    <healthy_volunteers>Accepts Healthy Volunteers</healthy_volunteers>
  </eligibility>
  <location>
    <facility>
      <name>National Institute of Dental And Craniofacial Research (NIDCR)</name>
      <address>
        <city>Bethesda</city>
        <state>Maryland</state>
        <zip>20892</zip>
        <country>United States</country>
      </address>
    </facility>
  </location>
  <location_countries>
    <country>United States</country>
  </location_countries>
  <reference>
    <citation>Guckes AD, Smith DE, Swoope CC. Counseling and related factors influencing satisfaction with dentures. J Prosthet Dent. 1978 Mar;39(3):259-67.</citation>
    <PMID>273089</PMID>
  </reference>
  <reference>
    <citation>Bolender CL, Swoope CC, Smith DE. The Cornell Medical Index as a prognostic aid for complete denture patients. J Prosthet Dent. 1969 Jul;22(1):20-9.</citation>
    <PMID>5254404</PMID>
  </reference>
  <reference>
    <citation>Bergman B, Carlsson GE. Review of 54 complete denture wearers. Patients' opinions 1 year after treatment. Acta Odontol Scand. 1972 Oct;30(4):399-414.</citation>
    <PMID>4569753</PMID>
  </reference>
  <verification_date>February 2000</verification_date>
  <study_first_submitted>November 3, 1999</study_first_submitted>
  <study_first_submitted_qc>December 9, 2002</study_first_submitted_qc>
  <study_first_posted type="Estimate">December 10, 2002</study_first_posted>
  <last_update_submitted>March 3, 2008</last_update_submitted>
  <last_update_submitted_qc>March 3, 2008</last_update_submitted_qc>
  <last_update_posted type="Estimate">March 4, 2008</last_update_posted>
  <keyword>Ectodermal Dysplasia</keyword>
  <keyword>Edentulous</keyword>
  <keyword>Endosseous</keyword>
  <keyword>Implants</keyword>
  <keyword>Mandibular Atrophy</keyword>
  <keyword>Oral</keyword>
  <keyword>Titanium</keyword>
  <condition_browse>
    <!-- CAUTION:  The following MeSH terms are assigned with an imperfect algorithm            -->
    <mesh_term>Jaw, Edentulous</mesh_term>
    <mesh_term>Mouth, Edentulous</mesh_term>
    <mesh_term>Ectodermal Dysplasia</mesh_term>
  </condition_browse>
  <!-- Results have not yet been posted for this study                                          -->
</clinical_study>

