<?xml version="1.0" encoding="UTF-8"?>
<clinical_study rank="9776">
  <!-- This xml conforms to an XML Schema at:
    https://clinicaltrials.gov/ct2/html/images/info/public.xsd -->
  <required_header>
    <download_date>ClinicalTrials.gov processed this data on April 03, 2020</download_date>
    <link_text>Link to the current ClinicalTrials.gov record.</link_text>
    <url>https://clinicaltrials.gov/show/NCT00001069</url>
  </required_header>
  <id_info>
    <org_study_id>CPCRA 036</org_study_id>
    <nct_id>NCT00001069</nct_id>
  </id_info>
  <brief_title>A Study of Two Methods of Determining When to Begin or Change Anti-HIV Treatment</brief_title>
  <official_title>A Randomized Study of the Clinical Effects of Initiating or Changing Antiretroviral Therapy Based on Plasma HIV RNA Quantitation Compared With Initiating or Changing Therapy Based on Current Clinical Practice Alone</official_title>
  <sponsors>
    <lead_sponsor>
      <agency>National Institute of Allergy and Infectious Diseases (NIAID)</agency>
      <agency_class>NIH</agency_class>
    </lead_sponsor>
  </sponsors>
  <source>National Institute of Allergy and Infectious Diseases (NIAID)</source>
  <brief_summary>
    <textblock>
      PRIMARY: To compare the clinical efficacy of two decision making strategies for initiating or
      changing antiretroviral therapy: decision making based on current clinical practice alone
      (i.e., initiating or changing therapy based on CD4 count decline and/or clinical progression)
      versus decision making based on plasma HIV RNA quantitation in addition to current clinical
      practice.

      SECONDARY: To evaluate toxicity, biological markers, and patient management in the two arms.

      Although changing therapies is a common strategy in the treatment of HIV disease, guidelines
      are needed to help clinicians and patients decide when a change in antiretroviral therapy is
      indicated. The technology of measuring HIV RNA in plasma has been suggested as a tool for
      monitoring clinical drug efficacy. However, uncertainty remains about whether aggressive
      antiretroviral treatment to lower HIV RNA and maintain low levels for as long as possible
      will confer clinical benefit in comparison with management based on monitoring CD4 counts and
      HIV-related symptoms.
    </textblock>
  </brief_summary>
  <detailed_description>
    <textblock>
      Although changing therapies is a common strategy in the treatment of HIV disease, guidelines
      are needed to help clinicians and patients decide when a change in antiretroviral therapy is
      indicated. The technology of measuring HIV RNA in plasma has been suggested as a tool for
      monitoring clinical drug efficacy. However, uncertainty remains about whether aggressive
      antiretroviral treatment to lower HIV RNA and maintain low levels for as long as possible
      will confer clinical benefit in comparison with management based on monitoring CD4 counts and
      HIV-related symptoms.

      Patients are randomized to a decision making strategy for initiating or changing therapy
      based on current clinical practice alone vs. decision making based on plasma HIV RNA
      quantitation in addition to current clinical practice in patients with &lt;= 300 CD4+ cells/mm3.
      All patients in the RNA arm as well as a subset (n = 183) of those in the CCP arm will have a
      plasma HIV RNA quantitation drawn every 4 months. The results of these quantitations will be
      blinded until the end of the study. CD4 counts will be obtained at least every 4 months if
      the previous count was &gt; 20 cells/mm3. The remaining patients in the CCP arm will have CD4
      counts obtained according to their clinicians' current clinical practices. Medications,
      clinical status, and changes in antiretroviral therapy will be recorded for all patients in
      the study. Patients are stratified by CD4+ cell count (&lt;100 cells/mm3 [200 patients] vs.
      100-300 cells/mm3 [900 patients]).
    </textblock>
  </detailed_description>
  <overall_status>Terminated</overall_status>
  <study_type>Observational</study_type>
  <has_expanded_access>No</has_expanded_access>
  <study_design_info>
    <observational_model>Natural History</observational_model>
  </study_design_info>
  <enrollment>1100</enrollment>
  <condition>HIV Infections</condition>
  <eligibility>
    <criteria>
      <textblock>
        Inclusion Criteria

        Patients must have:

          -  HIV infection.

          -  CD4 count &lt;= 300 cells/mm3.

          -  NO stage 2 or worse AIDS dementia complex.

          -  Life expectancy of at least 6 months.

          -  Reasonably good health.

          -  age &gt;= 13yrs.

          -  signed informed consent.

        Exclusion Criteria

        Co-existing Condition:

        Patients with the following symptoms or conditions are excluded:

          -  Disorders or conditions that may prevent adequate compliance with study requirements.

        Patients with the following prior conditions are excluded:

          -  Stage 2 &gt;= AIDS dementia complex.
      </textblock>
    </criteria>
    <gender>All</gender>
    <minimum_age>13 Years</minimum_age>
    <maximum_age>N/A</maximum_age>
    <healthy_volunteers>No</healthy_volunteers>
  </eligibility>
  <overall_official>
    <last_name>Thompson M</last_name>
    <role>Study Chair</role>
  </overall_official>
  <overall_official>
    <last_name>Perez G</last_name>
    <role>Study Chair</role>
  </overall_official>
  <location>
    <facility>
      <name>Community Consortium of San Francisco</name>
      <address>
        <city>San Francisco</city>
        <state>California</state>
        <zip>94110</zip>
        <country>United States</country>
      </address>
    </facility>
  </location>
  <location>
    <facility>
      <name>Denver CPCRA / Denver Public Hlth</name>
      <address>
        <city>Denver</city>
        <state>Colorado</state>
        <zip>802044507</zip>
        <country>United States</country>
      </address>
    </facility>
  </location>
  <location>
    <facility>
      <name>Veterans Administration Med Ctr / Regional AIDS Program</name>
      <address>
        <city>Washington</city>
        <state>District of Columbia</state>
        <zip>20422</zip>
        <country>United States</country>
      </address>
    </facility>
  </location>
  <location>
    <facility>
      <name>AIDS Research Consortium of Atlanta</name>
      <address>
        <city>Atlanta</city>
        <state>Georgia</state>
        <zip>30308</zip>
        <country>United States</country>
      </address>
    </facility>
  </location>
  <location>
    <facility>
      <name>AIDS Research Alliance - Chicago</name>
      <address>
        <city>Chicago</city>
        <state>Illinois</state>
        <zip>60657</zip>
        <country>United States</country>
      </address>
    </facility>
  </location>
  <location>
    <facility>
      <name>Louisiana Comm AIDS Rsch Prog / Tulane Univ Med</name>
      <address>
        <city>New Orleans</city>
        <state>Louisiana</state>
        <zip>70112</zip>
        <country>United States</country>
      </address>
    </facility>
  </location>
  <location>
    <facility>
      <name>Baltimore Trials</name>
      <address>
        <city>Baltimore</city>
        <state>Maryland</state>
        <zip>21201</zip>
        <country>United States</country>
      </address>
    </facility>
  </location>
  <location>
    <facility>
      <name>Comprehensive AIDS Alliance of Detroit</name>
      <address>
        <city>Detroit</city>
        <state>Michigan</state>
        <zip>48201</zip>
        <country>United States</country>
      </address>
    </facility>
  </location>
  <location>
    <facility>
      <name>Henry Ford Hosp</name>
      <address>
        <city>Detroit</city>
        <state>Michigan</state>
        <zip>48202</zip>
        <country>United States</country>
      </address>
    </facility>
  </location>
  <location>
    <facility>
      <name>Southern New Jersey AIDS Cln Trials / Dept of Med</name>
      <address>
        <city>Camden</city>
        <state>New Jersey</state>
        <zip>08103</zip>
        <country>United States</country>
      </address>
    </facility>
  </location>
  <location>
    <facility>
      <name>North Jersey Community Research Initiative</name>
      <address>
        <city>Newark</city>
        <state>New Jersey</state>
        <zip>071032842</zip>
        <country>United States</country>
      </address>
    </facility>
  </location>
  <location>
    <facility>
      <name>Partners Research</name>
      <address>
        <city>Albuquerque</city>
        <state>New Mexico</state>
        <zip>871315271</zip>
        <country>United States</country>
      </address>
    </facility>
  </location>
  <location>
    <facility>
      <name>Harlem AIDS Treatment Group / Harlem Hosp Ctr</name>
      <address>
        <city>New York</city>
        <state>New York</state>
        <zip>10037</zip>
        <country>United States</country>
      </address>
    </facility>
  </location>
  <location>
    <facility>
      <name>Portland Veterans Adm Med Ctr / Rsch &amp; Education Grp</name>
      <address>
        <city>Portland</city>
        <state>Oregon</state>
        <zip>972109951</zip>
        <country>United States</country>
      </address>
    </facility>
  </location>
  <location>
    <facility>
      <name>The Research and Education Group</name>
      <address>
        <city>Portland</city>
        <state>Oregon</state>
        <zip>97210</zip>
        <country>United States</country>
      </address>
    </facility>
  </location>
  <location>
    <facility>
      <name>Philadelphia FIGHT</name>
      <address>
        <city>Philadelphia</city>
        <state>Pennsylvania</state>
        <zip>19107</zip>
        <country>United States</country>
      </address>
    </facility>
  </location>
  <location>
    <facility>
      <name>Richmond AIDS Consortium</name>
      <address>
        <city>Richmond</city>
        <state>Virginia</state>
        <zip>23298</zip>
        <country>United States</country>
      </address>
    </facility>
  </location>
  <location_countries>
    <country>United States</country>
  </location_countries>
  <reference>
    <citation>Doepel LK. Volunteers needed for study of HIV viral load test. NIAID AIDS Agenda. 1995 Dec:3.</citation>
    <PMID>11363351</PMID>
  </reference>
  <reference>
    <citation>James JS. Viral load: new &quot;strategy&quot; trial in 15 U.S. cities. AIDS Treat News. 1995 Oct 20;(no 233):1-3.</citation>
    <PMID>11363037</PMID>
  </reference>
  <reference>
    <citation>Raghavan S, Grant LB, Barisch G, Thompson M, Williams B, Matoe N, el-Sadr WM. Change in log10 HIV RNA and protease inhibitor use associated with weight change in HIV+ men in a national clinical trial. Int Conf AIDS. 1998;12:556 (abstract no 32180)</citation>
  </reference>
  <verification_date>January 2003</verification_date>
  <study_first_submitted>November 2, 1999</study_first_submitted>
  <study_first_submitted_qc>August 30, 2001</study_first_submitted_qc>
  <study_first_posted type="Estimate">August 31, 2001</study_first_posted>
  <last_update_submitted>June 23, 2005</last_update_submitted>
  <last_update_submitted_qc>June 23, 2005</last_update_submitted_qc>
  <last_update_posted type="Estimate">June 24, 2005</last_update_posted>
  <keyword>Acquired Immunodeficiency Syndrome</keyword>
  <keyword>AIDS-Related Complex</keyword>
  <keyword>Antiviral Agents</keyword>
  <keyword>Decision Making</keyword>
  <keyword>Physician's Practice Patterns</keyword>
  <condition_browse>
    <!-- CAUTION:  The following MeSH terms are assigned with an imperfect algorithm            -->
    <mesh_term>HIV Infections</mesh_term>
  </condition_browse>
  <!-- Results have not yet been posted for this study                                          -->
</clinical_study>

