<?xml version="1.0" encoding="UTF-8"?>
<clinical_study rank="1865">
  <!-- This xml conforms to an XML Schema at:
    https://clinicaltrials.gov/ct2/html/images/info/public.xsd -->
  <required_header>
    <download_date>ClinicalTrials.gov processed this data on April 03, 2020</download_date>
    <link_text>Link to the current ClinicalTrials.gov record.</link_text>
    <url>https://clinicaltrials.gov/show/NCT00001215</url>
  </required_header>
  <id_info>
    <org_study_id>860096</org_study_id>
    <secondary_id>86-HG-0096</secondary_id>
    <nct_id>NCT00001215</nct_id>
  </id_info>
  <brief_title>Genetic Studies of Lysosomal Storage Disorders</brief_title>
  <official_title>Studies of Genetic Heterogeneity in Patients With Lysosomal Storage Disorders</official_title>
  <sponsors>
    <lead_sponsor>
      <agency>National Human Genome Research Institute (NHGRI)</agency>
      <agency_class>NIH</agency_class>
    </lead_sponsor>
  </sponsors>
  <source>National Institutes of Health Clinical Center (CC)</source>
  <brief_summary>
    <textblock>
      The purpose of this study is to identify genetic, biochemical, and clinical factors that are
      associated with disease severity in people with Gaucher disease and other lysosomal storage
      disorders.

      There is a vast spectrum of clinical manifestations in people with Gaucher disease as well as
      other lysosomal storage disorders. This study will evaluate patients with lysosomal disorders
      on an outpatient or inpatient basis in order to better characterize the clinical, genetic,
      and pathophysiological features of these disorders. Participants will be re-evaluated on an
      annual basis.
    </textblock>
  </brief_summary>
  <detailed_description>
    <textblock>
      There is a vast spectrum of clinical manifestations encountered in individuals with lysosomal
      storage diseases. Lysosomes are organelles that are involved in the degradation of
      intracellular proteins, recycled products and organelle in the cell. Lysosomal storage
      disorders occur when an enzyme necessary for breaking down these molecules is deficient, and,
      as a result, the substrate accumulates within the lysosomes of cells and may affect different
      organ systems. This is a longitudinal natural history study of patients with Gaucher disease
      and other storage disorders. Gaucher disease, the most common lysosomal storage disorder,
      results from the inherited deficiency of the enzyme glucocerebrosidase, which breaks down the
      lipid glucocerebroside. The disease is characterized by extremely variable phenotypes, with
      some patients presenting in childhood with virtually all the complications of Gaucher
      disease, while others remain asymptomatic into their eighth decade. Often patients with
      Gaucher disease develop hepatosplenomegaly, anemia, thrombocytopenia and bony problems.
      Gaucher disease has traditionally been divided into three clinical subtypes, delineated by
      the absence or presence of neurologic involvement and its progression:

      Type 1 -Non-neuronopathic form

      &lt;TAB&gt;

      Type 2 -Acute neuronopathic form

      &lt;TAB&gt;

      Type 3 -Chronic neuronopathic form

      Some patients, however, defy classification into these three categories, and it may be more

      accurate to regard Gaucher disease as a continuum of phenotypes..In addition, patients and

      carriers for Gaucher disease are at increased risk for developing Parkinson disease and
      related disorders.

      Our goal in this study is to identify genetic, biochemical, and clinical parameters that are
      associated with disease severity in individuals with lysosomal storage disorders, identify
      mild phenotypic manifestations in their relatives, and explore the natural history and extent
      of associated clinical manifestations. We also want to investigate non-motor manifestations
      in subjects at higher risk for developing parkinsonism that could contribute to earlier
      diagnosis. Participants will be evaluated at the NIH to better characterize the clinical,
      genetic and pathophysiological features of these disorders. In order to better understand the
      entire effect of the enzyme deficiencies and the function of the specific proteins involved,
      emphasis will be placed on individuals with atypical presentations. In particular, we will
      focus on subjects with Gaucher disease and parkinsonism, to better understand the association
      between the two disorders. Following an initial comprehensive workup, participants will be
      studied either in the inpatient wards or the outpatient clinic, and will be re-evaluated at
      periodic intervals longitudinally.
    </textblock>
  </detailed_description>
  <overall_status>Enrolling by invitation</overall_status>
  <start_date type="Actual">May 16, 1986</start_date>
  <study_type>Observational</study_type>
  <has_expanded_access>No</has_expanded_access>
  <study_design_info>
    <observational_model>Cohort</observational_model>
    <time_perspective>Prospective</time_perspective>
  </study_design_info>
  <primary_outcome>
    <measure>Clinical Phenotypes</measure>
    <time_frame>ongoing</time_frame>
    <description>The purpose of this study is to clearly describe the clinical phenotypes of individuals with lysosomal storage diseases in order to better understand the pathophysiology of these disorders and to develop new therapies.</description>
  </primary_outcome>
  <number_of_groups>3</number_of_groups>
  <enrollment type="Actual">543</enrollment>
  <condition>Lysosomal Storage Disease</condition>
  <arm_group>
    <arm_group_label>Control</arm_group_label>
    <description>healthy volunteers</description>
  </arm_group>
  <arm_group>
    <arm_group_label>Family Member</arm_group_label>
    <description>a family member of a documented proband</description>
  </arm_group>
  <arm_group>
    <arm_group_label>Patient</arm_group_label>
    <description>the participant on initial screening must be found to have or be a carrier of a documented lysosomal storage disorder</description>
  </arm_group>
  <eligibility>
    <study_pop>
      <textblock>
        Patient (or family members of patient) must be found to have or be a carrier of a
        documented lysosomal storage disorder.@@@
      </textblock>
    </study_pop>
    <sampling_method>Non-Probability Sample</sampling_method>
    <criteria>
      <textblock>
        -  INCLUSION CRITERIA:

        Participants must be found to have or be a carrier of a documented lysosomal storage
        disorder or be a family member of a documented proband.

        EXCLUSION CRITERIA:

        There are no exclusion criteria.
      </textblock>
    </criteria>
    <gender>All</gender>
    <minimum_age>N/A</minimum_age>
    <maximum_age>N/A</maximum_age>
    <healthy_volunteers>Accepts Healthy Volunteers</healthy_volunteers>
  </eligibility>
  <overall_official>
    <last_name>Ellen Sidransky, M.D.</last_name>
    <role>Principal Investigator</role>
    <affiliation>National Human Genome Research Institute (NHGRI)</affiliation>
  </overall_official>
  <location>
    <facility>
      <name>National Institutes of Health Clinical Center, 9000 Rockville Pike</name>
      <address>
        <city>Bethesda</city>
        <state>Maryland</state>
        <zip>20892</zip>
        <country>United States</country>
      </address>
    </facility>
  </location>
  <location_countries>
    <country>United States</country>
  </location_countries>
  <link>
    <url>https://clinicalstudies.info.nih.gov/cgi/detail.cgi?A_1986-HG-0096.html</url>
    <description>NIH Clinical Center Detailed Web Page</description>
  </link>
  <reference>
    <citation>Sidransky E, Bottler A, Stubblefield B, Ginns EI. DNA mutational analysis of type 1 and type 3 Gaucher patients: how well do mutations predict phenotype? Hum Mutat. 1994;3(1):25-8.</citation>
    <PMID>8118463</PMID>
  </reference>
  <reference>
    <citation>Sidransky E, Sherer DM, Ginns EI. Gaucher disease in the neonate: a distinct Gaucher phenotype is analogous to a mouse model created by targeted disruption of the glucocerebrosidase gene. Pediatr Res. 1992 Oct;32(4):494-8. Review.</citation>
    <PMID>1437405</PMID>
  </reference>
  <reference>
    <citation>Sidransky E, Fartasch M, Lee RE, Metlay LA, Abella S, Zimran A, Gao W, Elias PM, Ginns EI, Holleran WM. Epidermal abnormalities may distinguish type 2 from type 1 and type 3 of Gaucher disease. Pediatr Res. 1996 Jan;39(1):134-41.</citation>
    <PMID>8825398</PMID>
  </reference>
  <verification_date>February 24, 2020</verification_date>
  <study_first_submitted>November 3, 1999</study_first_submitted>
  <study_first_submitted_qc>November 3, 1999</study_first_submitted_qc>
  <study_first_posted type="Estimate">November 4, 1999</study_first_posted>
  <last_update_submitted>February 27, 2020</last_update_submitted>
  <last_update_submitted_qc>February 27, 2020</last_update_submitted_qc>
  <last_update_posted type="Actual">February 28, 2020</last_update_posted>
  <responsible_party>
    <responsible_party_type>Sponsor</responsible_party_type>
  </responsible_party>
  <keyword>Variants</keyword>
  <keyword>Chemical Phenotype</keyword>
  <keyword>Proteins</keyword>
  <keyword>Phenotype</keyword>
  <condition_browse>
    <!-- CAUTION:  The following MeSH terms are assigned with an imperfect algorithm            -->
    <mesh_term>Lysosomal Storage Diseases</mesh_term>
  </condition_browse>
  <!-- Results have not yet been posted for this study                                          -->
</clinical_study>

