<?xml version="1.0" encoding="UTF-8"?>
<clinical_study rank="7049">
  <!-- This xml conforms to an XML Schema at:
    https://clinicaltrials.gov/ct2/html/images/info/public.xsd -->
  <required_header>
    <download_date>ClinicalTrials.gov processed this data on April 03, 2020</download_date>
    <link_text>Link to the current ClinicalTrials.gov record.</link_text>
    <url>https://clinicaltrials.gov/show/NCT00001349</url>
  </required_header>
  <id_info>
    <org_study_id>930057</org_study_id>
    <secondary_id>93-I-0057</secondary_id>
    <nct_id>NCT00001349</nct_id>
  </id_info>
  <brief_title>Apheresis to Obtain Plasma or White Blood Cells for Laboratory Studies</brief_title>
  <official_title>Apheresis Procedures to Obtain Plasma or Leukocytes for In Vitro Studies</official_title>
  <sponsors>
    <lead_sponsor>
      <agency>National Institute of Allergy and Infectious Diseases (NIAID)</agency>
      <agency_class>NIH</agency_class>
    </lead_sponsor>
  </sponsors>
  <source>National Institutes of Health Clinical Center (CC)</source>
  <brief_summary>
    <textblock>
      This study will collect blood plasma and white blood cells for laboratory research using a
      procedure called apheresis. Apheresis is a method of collecting larger quantities of certain
      blood components than can safely be collected through a simple blood draw.

      Patients 7 years of age and older with a parasitic infection or condition associated with a
      parasitic infection (i.e., elevated levels of IgE antibodies or of a type of white cell
      called eosinophils) who are currently enrolled in a NIH clinical research protocol may be
      eligible for this study. Relatives of patients and normal healthy volunteers will also be
      enrolled. Candidates will have a medical history, physical examination and blood tests.
      Individuals weighing less than 25 kilograms (55 pounds) may not participate.

      Participants will undergo one of the following two apheresis procedures:

        -  Automated pheresis Whole blood is drawn through a needle placed in an arm vein and
           circulated through a cell separator machine. The plasma (liquid part of the blood) and
           white cells are extracted, and the red cells are re-infused into the donor through a
           needle in the other arm. The procedure takes 1 to 2 hours.

        -  Manual pheresis Whole blood is drawn through a needle placed in an arm vein and
           circulated through the cell separator machine. The red blood cells are separated from
           the rest of the blood and returned to the donor through the same needle. Usually only
           one needle stick is required and the procedure takes from 30 to 45 minutes. This method
           is used only in individuals who weigh less than 35 kg (77 pounds).
    </textblock>
  </brief_summary>
  <detailed_description>
    <textblock>
      In order to carry out in vitro research procedures on the plasma or leukocyte components of
      blood, it is often necessary to obtain larger quantities of plasma, leukocytes, or platelets
      than can be safely obtained by simple phlebotomy. These components can be easily and safely
      obtained using apheresis procedures in the Clinical Center Apheresis Unit. This protocol is
      specifically designed to conform to the requirements of the Apheresis Unit for donors to have
      apheresis procedures (greater than 7 years of age and greater than or equal to 25 kg) but the
      protocol in itself is not a research protocol. Donors must first be admitted to another
      approved clinical research protocol of the NIAID before they may have the apheresis
      procedures described in this protocol.
    </textblock>
  </detailed_description>
  <overall_status>Enrolling by invitation</overall_status>
  <start_date type="Actual">March 4, 1993</start_date>
  <study_type>Observational</study_type>
  <has_expanded_access>No</has_expanded_access>
  <study_design_info>
    <observational_model>Other</observational_model>
    <time_perspective>Other</time_perspective>
  </study_design_info>
  <primary_outcome>
    <measure>To obtain leukocytes,platelets, and plasma from subjects already enrolled on other NIAID/LPD protocols.</measure>
    <time_frame>Ongoing as this is a method to collect cells from subjects enrolled on other LPD protocols</time_frame>
    <description>Leukocytes, platelets, and plasma will be collected.</description>
  </primary_outcome>
  <number_of_groups>1</number_of_groups>
  <enrollment type="Actual">204</enrollment>
  <condition>Leukopheresis</condition>
  <condition>Plasmapheresis</condition>
  <arm_group>
    <arm_group_label>1</arm_group_label>
    <description>Donors first admitted to another approved clinical research protocol of the NIAID before having the apheresis procedures described in this protocol.</description>
  </arm_group>
  <eligibility>
    <study_pop>
      <textblock>
        Any subject enrolled on an existing !RB-approved LPD protocol may be asked to participate
        and thereby undergo apheresis.
      </textblock>
    </study_pop>
    <sampling_method>Non-Probability Sample</sampling_method>
    <criteria>
      <textblock>
        -  INCLUSION CRITERIA:

          -  Enrolled on another LPD protocol.

          -  Weight greater than or equal to 25 kg

          -  Willingness to participate

        EXCLUSION CRITERIA:

          -  Age less than 7 years

          -  Weight less than 25 kg

          -  Cardiovascular instability

          -  Hct less than 30

          -  Inadequate venous access

          -  PTT or PT greater than 1.5 normal

          -  Pregnancy

          -  Women who are actively breastfeeding

          -  Other condition which the attending physician or Apheresis Unit staff considers a
             contraindication to the procedure

          -  For Hetastarch procedure

               -  Hypertension

               -  Evidence of fluid retention
      </textblock>
    </criteria>
    <gender>All</gender>
    <minimum_age>7 Years</minimum_age>
    <maximum_age>N/A</maximum_age>
    <healthy_volunteers>Accepts Healthy Volunteers</healthy_volunteers>
  </eligibility>
  <overall_official>
    <last_name>Thomas B Nutman, M.D.</last_name>
    <role>Principal Investigator</role>
    <affiliation>National Institute of Allergy and Infectious Diseases (NIAID)</affiliation>
  </overall_official>
  <location>
    <facility>
      <name>National Institutes of Health Clinical Center, 9000 Rockville Pike</name>
      <address>
        <city>Bethesda</city>
        <state>Maryland</state>
        <zip>20892</zip>
        <country>United States</country>
      </address>
    </facility>
  </location>
  <location_countries>
    <country>United States</country>
  </location_countries>
  <link>
    <url>https://clinicalstudies.info.nih.gov/cgi/detail.cgi?A_1993-I-0057.html</url>
    <description>NIH Clinical Center Detailed Web Page</description>
  </link>
  <reference>
    <citation>Boyd A, Ribeiro JM, Nutman TB. Human CD117 (cKit)+ innate lymphoid cells have a discrete transcriptional profile at homeostasis and are expanded during filarial infection. PLoS One. 2014 Sep 25;9(9):e108649. doi: 10.1371/journal.pone.0108649. eCollection 2014.</citation>
    <PMID>25255226</PMID>
  </reference>
  <reference>
    <citation>Chatterjee S, Clark CE, Lugli E, Roederer M, Nutman TB. Filarial infection modulates the immune response to Mycobacterium tuberculosis through expansion of CD4+ IL-4 memory T cells. J Immunol. 2015 Mar 15;194(6):2706-14. doi: 10.4049/jimmunol.1402718. Epub 2015 Feb 9.</citation>
    <PMID>25667413</PMID>
  </reference>
  <reference>
    <citation>Santiago Hda C, Ribeiro-Gomes FL, Bennuru S, Nutman TB. Helminth infection alters IgE responses to allergens structurally related to parasite proteins. J Immunol. 2015 Jan 1;194(1):93-100. doi: 10.4049/jimmunol.1401638. Epub 2014 Nov 17.</citation>
    <PMID>25404363</PMID>
  </reference>
  <verification_date>December 3, 2019</verification_date>
  <study_first_submitted>November 3, 1999</study_first_submitted>
  <study_first_submitted_qc>November 3, 1999</study_first_submitted_qc>
  <study_first_posted type="Estimate">November 4, 1999</study_first_posted>
  <last_update_submitted>February 26, 2020</last_update_submitted>
  <last_update_submitted_qc>February 26, 2020</last_update_submitted_qc>
  <last_update_posted type="Actual">February 27, 2020</last_update_posted>
  <responsible_party>
    <responsible_party_type>Sponsor</responsible_party_type>
  </responsible_party>
  <keyword>Plasmapheresis</keyword>
  <keyword>Lymphocytes</keyword>
  <keyword>Eosinophils</keyword>
  <keyword>Neutrophils</keyword>
  <!-- Results have not yet been posted for this study                                          -->
</clinical_study>

